mean_constant,lengthscale_dim_0,lengthscale_dim_1,lengthscale_dim_2,lengthscale_dim_3,lengthscale_dim_4,lengthscale_dim_5,lengthscale_dim_6,lengthscale_dim_7,lengthscale_dim_8,lengthscale_dim_9,lengthscale_dim_10,lengthscale_dim_11,lengthscale_dim_12,lengthscale_dim_13,lengthscale_dim_14,lengthscale_dim_15,lengthscale_dim_16,lengthscale_dim_17,lengthscale_dim_18,lengthscale_dim_19,lengthscale_dim_20,lengthscale_dim_21,lengthscale_dim_22,lengthscale_dim_23,lengthscale_dim_24,lengthscale_dim_25,lengthscale_dim_26,lengthscale_dim_27,lengthscale_dim_28,lengthscale_dim_29,lengthscale_dim_30,lengthscale_dim_31,lengthscale_dim_32,lengthscale_dim_33,lengthscale_dim_34,lengthscale_dim_35,lengthscale_dim_36,lengthscale_dim_37,lengthscale_dim_38,lengthscale_dim_39,lengthscale_dim_40,lengthscale_dim_41,lengthscale_dim_42,lengthscale_dim_43,lengthscale_dim_44,lengthscale_dim_45,lengthscale_dim_46,lengthscale_dim_47,lengthscale_dim_48,lengthscale_dim_49,lengthscale_dim_50,lengthscale_dim_51,lengthscale_dim_52,lengthscale_dim_53,lengthscale_dim_54,lengthscale_dim_55,lengthscale_dim_56,lengthscale_dim_57,lengthscale_dim_58,lengthscale_dim_59,lengthscale_dim_60,lengthscale_dim_61,lengthscale_dim_62,lengthscale_dim_63,lengthscale_dim_64,lengthscale_dim_65,lengthscale_dim_66,lengthscale_dim_67,lengthscale_dim_68,lengthscale_dim_69,lengthscale_dim_70,lengthscale_dim_71,lengthscale_dim_72,lengthscale_dim_73,lengthscale_dim_74,lengthscale_dim_75,lengthscale_dim_76,lengthscale_dim_77,lengthscale_dim_78,lengthscale_dim_79,lengthscale_dim_80,lengthscale_dim_81,lengthscale_dim_82,lengthscale_dim_83,lengthscale_dim_84,lengthscale_dim_85,lengthscale_dim_86,lengthscale_dim_87,lengthscale_dim_88,lengthscale_dim_89,lengthscale_dim_90,lengthscale_dim_91,lengthscale_dim_92,lengthscale_dim_93,lengthscale_dim_94,lengthscale_dim_95,lengthscale_dim_96,lengthscale_dim_97,lengthscale_dim_98,lengthscale_dim_99,lengthscale_dim_100,lengthscale_dim_101,lengthscale_dim_102,lengthscale_dim_103,lengthscale_dim_104,lengthscale_dim_105,lengthscale_dim_106,lengthscale_dim_107,lengthscale_dim_108,lengthscale_dim_109,lengthscale_dim_110,lengthscale_dim_111,lengthscale_dim_112,lengthscale_dim_113,lengthscale_dim_114,lengthscale_dim_115,lengthscale_dim_116,lengthscale_dim_117,lengthscale_dim_118,lengthscale_dim_119,lengthscale_dim_120,lengthscale_dim_121,lengthscale_dim_122,lengthscale_dim_123,lengthscale_dim_124,lengthscale_dim_125,lengthscale_dim_126,lengthscale_dim_127,lengthscale_dim_128,lengthscale_dim_129,lengthscale_dim_130,lengthscale_dim_131,lengthscale_dim_132,lengthscale_dim_133,lengthscale_dim_134,lengthscale_dim_135,lengthscale_dim_136,lengthscale_dim_137,lengthscale_dim_138,lengthscale_dim_139,lengthscale_dim_140,lengthscale_dim_141,lengthscale_dim_142,lengthscale_dim_143,lengthscale_dim_144,lengthscale_dim_145,lengthscale_dim_146,lengthscale_dim_147,lengthscale_dim_148,lengthscale_dim_149,outputscale,noise,iteration
-0.7696735380233612,29.990764406092733,29.999240052941243,29.999301282022824,29.99792940150613,29.9988521648204,29.992431744920133,29.999245235396327,29.998731167635626,29.99770036994152,29.998677391182905,29.999489671006213,6.378316023264623,29.99852535623134,29.99557077227301,29.99917101227912,29.998454788947033,29.966340040728305,29.99863221335318,29.99917435355227,29.99943128937487,29.998586960809725,29.99906869553965,29.999214353841513,29.9947849374511,29.998509950769595,29.975911423790244,29.999074100928635,29.999425333163067,29.999067554877975,29.99921236090763,29.99884714510979,29.995153029902866,29.99858285736791,29.998909755337063,29.989951403522568,29.947872607557787,29.999045581891245,29.97903325457026,29.99602487425702,29.99431449735878,29.999057666405495,29.998749501607833,29.998506964174773,10.29479151333698,29.892388437451082,29.99897107908269,29.99218040152018,29.999157475340578,29.993885276889912,29.998326754872995,29.99876904276341,29.99953981799237,29.999421883862077,1.544646335009922,29.998853921774455,29.99689924070609,29.99900437023247,29.998763825077813,29.998663940743302,29.997378111013685,29.998919129415793,29.99782261673621,4.138862822011801,29.99848412394538,29.99797899466882,29.998610682685516,29.998153201173263,29.998859543971584,29.172417647793974,29.997977790495735,29.997887314709693,29.999093016714813,29.99902810584605,29.999096337928098,29.999132558825504,29.901824866241437,29.998419319594955,29.99922950560618,29.99825363117199,29.999273489200984,29.99811660682583,29.99881954826901,29.99856959624127,29.998904750104117,29.998965980791905,29.997690384356975,29.98225774721768,29.998526892007494,29.991956939992416,29.937918393124257,29.999436447450666,29.999289400839064,29.99453962085148,29.99221223750617,29.99688360241688,29.999079432688966,29.895219425144923,29.999146064917717,29.998481575607226,29.986732618994914,29.99807229423047,1.3809222227740314,29.895519509093216,29.998503950653436,29.998981154451844,29.99952653741261,29.998006071974547,12.723926822016166,29.999025213007936,29.998423737618047,29.997025800702524,29.998505529543074,29.993529936450088,29.99933970045705,29.999318851710665,3.1670638363290173,29.9981025596841,29.99890118425632,29.995259031263828,29.99130215511904,29.996867331134077,29.999157025019596,29.998881510423125,29.998781303199245,3.3550245664579044,29.971421787166843,29.99587460256507,29.998834361611156,29.999282171371792,29.99920787084784,29.95145480904787,29.732961962620358,1.8429100741980313,29.998497400844368,29.998847202788635,29.971805175584677,29.997688966213396,29.999155928842157,29.9969147265073,29.978735534308218,29.999376685681003,29.998858307564156,0.864675094105595,29.998875775965214,29.9991971108062,29.999144337118455,29.99948578178077,29.998582864827465,29.976859917026125,29.99187929590567,2.080673341802689,0.0011522241750019208,1
-0.0020575811739554917,29.990554260624165,29.99923364882775,29.99930548406453,29.997915983194755,29.998836961660597,29.99245755322815,29.999248806241425,29.99872652684591,29.99772086545349,29.998663724295664,29.99949141000261,0.49298485325124775,29.99847838548507,29.995564191835896,29.999157928296093,29.99841367667994,29.9662746407675,29.99858259800504,29.999171134088325,29.999432196284694,29.99857511311743,29.99906028312958,29.99921858905683,29.99480873285015,29.9984973781986,29.976095619830698,29.99907705541008,29.99942195541253,29.999052113651214,29.99921594998004,29.998834181895422,29.995187455464126,29.99858104389528,29.998900471516194,29.98862920939856,29.94747975867419,29.999027225052075,29.97915528234175,29.996016686374606,29.994221238853836,29.999061492945128,29.99870958254898,29.998493553505604,0.782640233189578,29.8921557416008,29.998924202547627,29.992160644855687,29.999160535315717,29.993871479840887,29.9983254478684,29.998750440947266,29.99954235359052,29.99942310435732,0.06294911197420575,29.99885694032085,29.99690717117522,29.99900455014852,29.9987667725927,29.998622458832223,29.997294891788414,29.998894778739558,29.997820946303303,0.3480173852229345,29.998494971946485,29.997972205247194,29.99861266328595,29.998107813683976,29.99886420112495,28.768120595773567,29.99793837107549,29.99784495833653,29.999097473157523,29.999027366028383,29.999101581316467,29.99913618633735,29.90206744447765,29.99842303100385,29.999212640822396,29.998265037894157,29.999274014235493,29.998104604493665,29.998801341366004,29.998568790531323,29.99890435044391,29.99894981870999,29.997642892077163,29.982255786954212,29.998530349347572,29.99166050306979,29.935366510633553,29.99943591890149,29.999284545605196,29.994544917499944,29.99226830033503,29.996880811573423,29.99905154476999,29.895118790456838,29.99914110232818,29.99847657456816,29.986811217351416,29.998085622053548,0.17968471576294376,29.896335162963595,29.998506504287057,29.9989849321994,29.999529238947126,29.998009063500703,0.6193257787943927,29.9990293908467,29.998403802755405,29.99677424694555,29.998496351401055,29.993546409597887,29.999338038913447,29.999319402453864,0.18160343049165928,29.998104637579445,29.99887628008245,29.99500906799358,29.99126329535212,29.99684320040646,29.999156927038793,29.998872417895832,29.99877556341944,0.20530634842372975,29.97166729331525,29.995907987508588,29.998819704572092,29.999261271510342,29.99920514119912,29.95180575590747,29.70317984420554,0.07559159913473194,29.99849987133779,29.99884965111155,29.971811559556954,29.997645567823298,29.999157517721812,29.99693140675187,29.97877895842047,29.99936714562976,29.998839396092446,0.02479843993250905,29.998840343259907,29.999200011161484,29.999124595454422,29.99948519714757,29.99852166903754,29.97701602559684,29.991828825221074,0.9057727002614715,0.016908383423277967,2
0.0029736549626042524,29.99055164421203,29.999233605230682,29.99930521956312,29.99791542407998,29.998836602733473,29.992454986850294,29.999248813428657,29.99872636737254,29.997720824584434,29.998663298611433,29.999491379713817,0.07453677905562581,29.998478068085504,29.995564148960096,29.999157711023695,29.99841344909916,29.966274255731847,29.998582263222765,29.999171111509636,29.999432026750398,29.998574795997737,29.999059963310334,29.999218486062603,29.99480785351698,29.998496952269978,29.97609658924481,29.999077065868455,29.999421925424286,29.999051892614425,29.999215961053807,29.99883410373327,29.995186500718884,29.998580912549688,29.998900404805322,29.98861592490482,29.947473585151524,29.999026825785478,29.979155455361326,29.99601594106221,29.994220550963888,29.99906151163145,29.9987093590397,29.99849335132037,0.1150926489449031,29.892152076383486,29.998923931547104,29.99215982182154,29.999160329271106,29.993871283372677,29.99832480656106,29.998750270017187,29.99954236539684,29.999423107311667,0.05746559033686648,29.998856908029076,29.996906060521095,29.99900434274631,29.998766686121336,29.99862222328184,29.997294170594582,29.998894480720896,29.99782086905489,0.08135085658738767,29.99849499180465,29.997971961005405,29.99861258338983,29.998107562382973,29.998863967816373,28.749295715565633,29.99793808014701,29.997843831631613,29.99909744084303,29.999027360533383,29.999101608260354,29.99913620529898,29.902068535636086,29.99842297822965,29.999212238090376,29.998264618992383,29.999273918196497,29.998103807506478,29.998801230338678,29.9985685073762,29.99890433177762,29.99894963840504,29.997642446246168,29.982255636471805,29.998530033970987,29.991658773417765,29.935350339643243,29.99943583848892,29.999284361705687,29.99454494186617,29.992268551201533,29.996878871475428,29.999051017211286,29.895101798617734,29.999141071926672,29.99847651150347,29.986811014428625,29.998085620521074,0.11197975763960183,29.896327391031985,29.99850643093593,29.99898488715677,29.99952923734234,29.99800907857698,0.0048848907074086215,29.999028712266977,29.998403684347565,29.996772307374634,29.998496299522447,29.993546242048826,29.99933790262546,29.999319243082553,0.17634646208194243,29.998104126103144,29.998876141960352,29.995006977213343,29.99126201781117,29.996842964697375,29.999156698638423,29.998872339169036,29.998775531147572,0.13090809417203408,29.971668605443746,29.995907989796116,29.998819375247752,29.999261141644872,29.999205109476744,29.951807620126633,29.7029104849458,0.06670806871746936,29.998499608727673,29.99884907598768,29.971800452476913,29.99764270717083,29.999157467832358,29.99693038206876,29.978778065635556,29.999367007950696,29.998839274596868,0.015179633849053438,29.99884013571351,29.999199886369873,29.999124347601395,29.999485165820968,29.998521042039805,29.977016285821996,29.991828151871662,1.0034159463871282,0.10813151466228606,3
-0.0005147790423619701,29.990551626755842,29.99923360497909,29.99930521745339,29.99791541992121,29.99883660015261,29.992454966580343,29.999248813437582,29.998726366198447,29.997720823994598,29.998663295492108,29.999491379455932,0.07325962262685708,29.99847806626475,29.995564148717172,29.99915770951583,29.998413447886772,29.966274253682087,29.998582261300278,29.999171111379706,29.999432025422028,29.998574793697664,29.999059960942063,29.999218485208193,29.994807846376567,29.998496949132967,29.9760965943285,29.999077065911113,29.999421925238163,29.999051891110497,29.9992159610926,29.998834103304194,29.995186492850685,29.998580911556438,29.99890040441405,29.988615840514562,29.947473542580244,29.99902682293348,29.97915545511264,29.99601593538435,29.99422054688943,29.999061511727486,29.998709357851734,29.998493349932573,0.11308032108050348,29.89215205105257,29.998923930086384,29.99215981571163,29.99916032762991,29.99387128203491,29.998324801599527,29.998750268941205,29.99954236545525,29.999423107319394,0.05742671835210375,29.99885690774052,29.99690605179381,29.999004341135084,29.99876668541315,29.99862222202123,29.997294166128867,29.998894478739388,29.997820868479913,0.08031596878091521,29.99849499181611,29.997971959203902,29.99861258274583,29.998107561049984,29.99886396594473,28.74915497349714,29.997938078428835,29.997843823460325,29.999097440534015,29.999027360502446,29.999101608400167,29.999136205399438,29.90206854108814,29.99842297777203,29.999212235194058,29.998264615589147,29.999273917444395,29.998103801484202,29.9988012297252,29.998568505190264,29.998904331638176,29.998949637225277,29.99764244343516,29.98225563536998,29.998530031478523,29.991658764028266,29.935350248761377,29.99943583787299,29.999284360345513,29.99454494199489,29.992268552412103,29.996878856445694,29.999051013492558,29.89510166829245,29.999141071757784,29.99847651108257,29.986811011828394,29.99808562033114,0.11155390769342423,29.896327319939974,29.99850643033239,29.998984886758382,29.999529237294276,29.998009078656366,0.004622585253911717,29.999028706941633,29.998403683702325,29.996772295827522,29.998496299247176,29.993546240538823,29.99933790159129,29.99931924183915,0.17631143539262165,29.99810412210819,29.998876141227573,29.995006964426707,29.99126200842102,29.9968429632021,29.999156696867367,29.99887233868417,29.99877553097638,0.13043690204184935,29.97166861239778,29.99590798937216,29.998819372890505,29.99926114092134,29.99920510926807,29.95180762999515,29.70290881347882,0.06664518413896482,29.998499606656086,29.99884907149153,29.971800366147725,29.997642685525754,29.999157467425526,29.996930373889594,29.978778058151246,29.999367007011195,29.99883927391174,0.015120120075669844,29.99884013458535,29.999199885363364,29.99912434594393,29.999485165585806,29.9985210380098,29.977016285750512,29.99182814734025,0.9794787198271891,0.10949583511631025,4
2.461111055017035e-05,29.990551626663287,29.999233604977757,29.999305217442206,29.997915419899158,29.998836600138926,29.992454966472874,29.999248813437628,29.99872636619222,29.99772082399147,29.998663295475566,29.999491379454568,0.07325290960903746,29.998478066255096,29.995564148715886,29.999157709507838,29.998413447880345,29.966274253671216,29.99858226129008,29.99917111137902,29.999432025414986,29.998574793685467,29.999059960929504,29.999218485203663,29.994807846338706,29.998496949116337,29.976096594355457,29.99907706591134,29.999421925237172,29.999051891102525,29.999215961092805,29.998834103301917,29.995186492808966,29.998580911551166,29.998900404411973,29.988615840067123,29.94747354235452,29.999026822918363,29.979155455111325,29.996015935354247,29.994220546867833,29.999061511727998,29.998709357845435,29.99849334992522,0.1130697459753509,29.892152050918277,29.99892393007864,29.99215981567924,29.999160327621208,29.99387128202782,29.998324801573215,29.998750268935495,29.999542365455564,29.999423107319437,0.057426512301852806,29.99885690773899,29.996906051747537,29.999004341126543,29.998766685409397,29.998622222014546,29.997294166105192,29.998894478728882,29.99782086847686,0.08031052116734148,29.998494991816173,29.99797195919435,29.99861258274242,29.998107561042914,29.99886396593481,28.749154227238577,29.997938078419722,29.997843823417,29.999097440532378,29.999027360502282,29.999101608400906,29.999136205399964,29.90206854111705,29.998422977769607,29.999212235178703,29.998264615571106,29.999273917440405,29.99810380145227,29.99880122972195,29.998568505178675,29.998904331637434,29.99894963721902,29.997642443420258,29.982255635364137,29.998530031465307,29.991658763978478,29.93535024827951,29.999435837869726,29.999284360338297,29.994544941995567,29.99226855241852,29.996878856366006,29.99905101347284,29.89510166760146,29.999141071756892,29.998476511080337,29.986811011814606,29.998085620330134,0.11155165362341155,29.89632731956304,29.998506430329186,29.998984886756272,29.99952923729402,29.998009078656786,0.004621232686158714,29.9990287069134,29.998403683698907,29.9967722957663,29.998496299245716,29.99354624053081,29.99933790158581,29.999319241832563,0.17631124784269686,29.998104122087014,29.998876141223683,29.99500696435891,29.99126200837123,29.996842963194176,29.999156696857977,29.998872338681597,29.998775530975475,0.13043440959000002,29.971668612434648,29.99590798936991,29.998819372878,29.999261140917504,29.999205109266956,29.951807630047476,29.702908804616552,0.06664485037002386,29.998499606645105,29.998849071467696,29.971800365690015,29.997642685410998,29.999157467423366,29.99693037384623,29.97877805811157,29.999367007006217,29.998839273908104,0.015119805176780427,29.998840134579368,29.999199885358028,29.999124345935137,29.999485165584563,29.998521037988432,29.977016285750132,29.99182814731622,0.977292700620106,0.10823387298742265,5
2.6586684478866043e-06,29.990551626662796,29.99923360497775,29.999305217442146,29.997915419899044,29.99883660013886,29.99245496647231,29.999248813437628,29.998726366192184,29.997720823991457,29.998663295475485,29.99949137945456,0.07325287293920967,29.99847806625505,29.99556414871591,29.99915770950779,29.99841344788031,29.966274253671163,29.998582261290025,29.999171111379013,29.999432025414947,29.998574793685407,29.99905996092944,29.99921848520364,29.994807846338514,29.998496949116248,29.976096594355596,29.99907706591134,29.999421925237172,29.999051891102486,29.999215961092805,29.99883410330191,29.995186492808745,29.99858091155114,29.998900404411966,29.98861584006477,29.947473542353652,29.99902682291828,29.979155455111318,29.996015935354105,29.99422054686772,29.999061511727998,29.9987093578454,29.998493349925177,0.11306970168721225,29.89215205091764,29.998923930078597,29.992159815679074,29.999160327621162,29.993871282027783,29.998324801573077,29.99875026893547,29.999542365455564,29.999423107319437,0.05742654224561569,29.998856907738983,29.99690605174729,29.999004341126497,29.998766685409375,29.998622222014514,29.99729416610508,29.99889447872883,29.99782086847685,0.0803105058487893,29.998494991816173,29.997971959194295,29.9986125827424,29.99810756104289,29.998863965934763,28.74915422346749,29.997938078419672,29.99784382341677,29.99909744053237,29.999027360502282,29.999101608400906,29.99913620539997,29.902068541117266,29.9984229777696,29.999212235178625,29.99826461557101,29.999273917440387,29.99810380145212,29.998801229721934,29.998568505178614,29.99890433163743,29.99894963721899,29.997642443420183,29.982255635364112,29.998530031465233,29.99165876397826,29.935350248277047,29.999435837869708,29.999284360338265,29.994544941995574,29.992268552418587,29.996878856365587,29.99905101347274,29.895101667597945,29.999141071756885,29.998476511080323,29.986811011814556,29.998085620330134,0.1115516462719749,29.896327319561074,29.998506430329176,29.998984886756258,29.99952923729402,29.998009078656793,0.004621225949215829,29.999028706913254,29.998403683698886,29.99677229576598,29.99849629924571,29.993546240530772,29.99933790158578,29.999319241832527,0.1763112651840122,29.9981041220869,29.99887614122366,29.99500696435855,29.991262008371002,29.996842963194148,29.999156696857927,29.998872338681597,29.99877553097547,0.13043442920498827,29.971668612434847,29.995907989369904,29.998819372877936,29.99926114091749,29.999205109266956,29.951807630047767,29.702908804570086,0.06664486669230883,29.99849960664505,29.998849071467568,29.971800365687585,29.99764268541039,29.99915746742336,29.99693037384601,29.978778058111363,29.999367007006192,29.998839273908093,0.01511980349745668,29.998840134579343,29.999199885358003,29.999124345935098,29.999485165584556,29.99852103798832,29.97701628575015,29.991828147316163,0.9739725369948011,0.1078905053438534,6
5.7702181796161595e-08,29.990551626662796,29.99923360497775,29.999305217442146,29.997915419899044,29.99883660013886,29.992454966472316,29.999248813437635,29.998726366192184,29.997720823991457,29.9986632954755,29.99949137945456,0.07325287609021333,29.99847806625505,29.99556414871595,29.99915770950779,29.99841344788031,29.96627425367117,29.998582261290025,29.999171111379013,29.999432025414947,29.998574793685407,29.99905996092944,29.99921848520365,29.994807846338514,29.998496949116248,29.976096594355603,29.99907706591134,29.999421925237172,29.999051891102493,29.999215961092805,29.99883410330191,29.995186492808745,29.99858091155114,29.998900404411966,29.988615840064778,29.947473542354025,29.99902682291828,29.979155455111318,29.996015935354126,29.994220546867712,29.999061511727998,29.998709357845406,29.998493349925177,0.11306978151095855,29.89215205091773,29.998923930078597,29.992159815679088,29.99916032762117,29.993871282027797,29.998324801573077,29.998750268935478,29.999542365455564,29.999423107319437,0.057426577188753505,29.998856907738983,29.99690605174729,29.999004341126497,29.998766685409375,29.998622222014514,29.997294166105096,29.99889447872883,29.99782086847685,0.08031051922649644,29.998494991816173,29.997971959194302,29.998612582742407,29.998107561042897,29.998863965934763,28.749154223658888,29.997938078419672,29.99784382341677,29.99909744053237,29.999027360502282,29.999101608400906,29.999136205399978,29.90206854111735,29.998422977769614,29.999212235178625,29.99826461557101,29.99927391744039,29.99810380145214,29.998801229721934,29.99856850517862,29.99890433163743,29.99894963721899,29.997642443420183,29.982255635364112,29.99853003146524,29.991658763978307,29.935350248277175,29.999435837869708,29.999284360338265,29.99454494199558,29.992268552418626,29.996878856365594,29.99905101347274,29.89510166759816,29.999141071756885,29.998476511080323,29.986811011814584,29.998085620330144,0.11155165172348198,29.896327319561113,29.998506430329176,29.998984886756265,29.99952923729402,29.998009078656793,0.004621226967670384,29.999028706913254,29.998403683698886,29.99677229576598,29.99849629924571,29.99354624053078,29.99933790158578,29.999319241832527,0.17631128687210243,29.9981041220869,29.99887614122367,29.99500696435855,29.99126200837105,29.99684296319416,29.999156696857927,29.99887233868161,29.99877553097547,0.13043446766616235,29.97166861243486,29.99590798936991,29.998819372877936,29.999261140917497,29.999205109266956,29.951807630047785,29.702908804570434,0.06664488699610302,29.99849960664505,29.998849071467575,29.971800365687578,29.99764268541039,29.99915746742336,29.996930373846016,29.978778058111377,29.999367007006192,29.998839273908086,0.015119803736905208,29.998840134579343,29.999199885358003,29.999124345935098,29.999485165584556,29.99852103798832,29.97701628575017,29.99182814731624,0.9709904528711961,0.10752560141760133,7
-5.208008721133481e-09,29.990551626662786,29.99923360497775,29.999305217442146,29.997915419899044,29.99883660013886,29.992454966472323,29.999248813437635,29.998726366192184,29.997720823991457,29.998663295475506,29.99949137945456,0.07325288144664632,29.99847806625505,29.995564148716,29.99915770950779,29.99841344788031,29.966274253671177,29.998582261290025,29.999171111379013,29.999432025414954,29.998574793685414,29.99905996092944,29.99921848520365,29.994807846338514,29.998496949116245,29.97609659435559,29.999077065911347,29.999421925237172,29.999051891102493,29.999215961092805,29.99883410330191,29.995186492808752,29.99858091155114,29.998900404411966,29.988615840064803,29.947473542354455,29.999026822918278,29.97915545511131,29.99601593535416,29.994220546867712,29.999061511727998,29.998709357845406,29.998493349925177,0.1130698768374187,29.892152050917776,29.998923930078597,29.992159815679095,29.99916032762117,29.993871282027797,29.998324801573077,29.998750268935478,29.999542365455564,29.999423107319437,0.05742660469616171,29.998856907738983,29.99690605174729,29.999004341126497,29.998766685409375,29.99862222201452,29.997294166105117,29.99889447872883,29.99782086847685,0.0803105110503264,29.998494991816173,29.99797195919431,29.998612582742407,29.998107561042904,29.998863965934767,28.749154223897982,29.997938078419672,29.99784382341677,29.99909744053237,29.999027360502282,29.999101608400913,29.999136205399978,29.90206854111722,29.99842297776962,29.999212235178625,29.99826461557101,29.99927391744039,29.99810380145216,29.99880122972194,29.99856850517862,29.998904331637434,29.99894963721899,29.99764244342019,29.982255635364112,29.99853003146524,29.991658763978368,29.93535024827735,29.999435837869708,29.999284360338265,29.99454494199558,29.992268552418665,29.99687885636561,29.99905101347274,29.89510166759842,29.999141071756885,29.99847651108033,29.986811011814606,29.99808562033015,0.11155165456675915,29.896327319560886,29.998506430329176,29.998984886756265,29.99952923729402,29.998009078656786,0.004621222613583265,29.999028706913254,29.998403683698886,29.99677229576598,29.99849629924571,29.99354624053076,29.99933790158578,29.999319241832527,0.17631127760173454,29.9981041220869,29.99887614122367,29.99500696435855,29.991262008371095,29.996842963194183,29.999156696857927,29.998872338681625,29.99877553097547,0.13043451275244033,29.971668612434847,29.99590798936991,29.998819372877936,29.999261140917504,29.999205109266956,29.951807630047703,29.70290880457038,0.06664490825368533,29.99849960664505,29.998849071467582,29.97180036568754,29.99764268541039,29.99915746742336,29.996930373846023,29.97877805811135,29.999367007006192,29.998839273908086,0.015119803785238025,29.998840134579343,29.999199885358003,29.999124345935105,29.999485165584556,29.99852103798832,29.977016285750157,29.99182814731631,0.9682462210066038,0.10718978593494902,8
-2.367451761077412e-08,29.990551626663006,29.99923360497775,29.99930521744216,29.99791541989938,29.99883660013886,29.99245496647262,29.999248813437635,29.998726366192233,29.997720823991457,29.998663295475566,29.999491379454568,0.07325450549724123,29.99847806625506,29.995564148716692,29.999157709507806,29.99841344788034,29.966274253671244,29.998582261290238,29.99917111137906,29.999432025414954,29.998574793685446,29.99905996092945,29.999218485203656,29.99480784633905,29.998496949116337,29.97609659435611,29.999077065911347,29.999421925237172,29.9990518911025,29.99921596109282,29.99883410330191,29.99518649280896,29.998580911551166,29.998900404411973,29.98861584006495,29.947473542354892,29.999026822918278,29.97915545511131,29.996015935355267,29.994220546867805,29.999061511727998,29.998709357845414,29.99849334992532,0.1130966682882456,29.89215205092157,29.998923930078597,29.99215981567921,29.9991603276212,29.993871282027822,29.998324801573098,29.998750268935485,29.999542365455593,29.999423107319448,0.057426623364059425,29.998856907739004,29.996906051747484,29.999004341126533,29.998766685409375,29.998622222014532,29.99729416610514,29.99889447872883,29.99782086847692,0.08031049573640994,29.998494991816234,29.99797195919439,29.998612582742474,29.998107561042914,29.998863965934788,28.749154225219456,29.997938078419672,29.997843823416808,29.999097440532417,29.999027360502293,29.999101608400913,29.99913620540006,29.902068541122134,29.998422977769636,29.999212235178625,29.998264615571017,29.999273917440398,29.998103801452476,29.99880122972194,29.998568505178774,29.998904331637462,29.99894963721899,29.997642443420258,29.98225563536425,29.99853003146542,29.991658763978528,29.93535024827934,29.999435837869708,29.999284360338265,29.99454494199559,29.992268552419045,29.996878856366145,29.999051013472744,29.89510166760058,29.999141071756892,29.998476511080337,29.986811011814623,29.998085620330166,0.11155243229237403,29.896327319571544,29.99850643032918,29.998984886756336,29.99952923729402,29.99800907865678,0.004621235136964826,29.999028706913272,29.998403683698893,29.99677229576604,29.99849629924573,29.9935462405309,29.999337901585825,29.999319241832527,0.17631158152769724,29.99810412208696,29.99887614122367,29.99500696435863,29.99126200837146,29.99684296319471,29.999156696857934,29.998872338681643,29.998775530975475,0.13043455928752143,29.971668612434875,29.995907989369925,29.998819372877996,29.99926114091762,29.999205109266963,29.951807630047877,29.702908804577184,0.06664495689039986,29.998499606645197,29.99884907146759,29.971800365688292,29.997642685410526,29.99915746742336,29.996930373846087,29.978778058113264,29.999367007006192,29.9988392739081,0.015119831634731835,29.998840134579417,29.99919988535801,29.999124345935133,29.999485165584588,29.99852103798834,29.97701628575043,29.991828147317847,0.9657126250226555,0.1068804940960268,9
-2.5355537554570943e-08,29.9905516266633,29.99923360497775,29.999305217442178,29.997915419899805,29.99883660013886,29.99245496647301,29.999248813437635,29.998726366192287,29.99772082399145,29.998663295475634,29.999491379454582,0.07325659908889,29.998478066255075,29.995564148717584,29.99915770950782,29.998413447880377,29.966274253671315,29.99858226129052,29.999171111379113,29.999432025414954,29.998574793685492,29.999059960929472,29.999218485203663,29.99480784633975,29.998496949116458,29.976096594356793,29.999077065911347,29.999421925237172,29.999051891102503,29.99921596109283,29.99883410330191,29.995186492809232,29.99858091155121,29.99890040441198,29.988615840065137,29.947473542355407,29.999026822918278,29.979155455111304,29.996015935356713,29.994220546867922,29.999061511727998,29.99870935784542,29.99849334992551,0.11313148817254633,29.892152050926523,29.998923930078597,29.992159815679354,29.999160327621244,29.99387128202785,29.998324801573123,29.99875026893549,29.999542365455618,29.999423107319462,0.05742664777871802,29.998856907739036,29.99690605174773,29.99900434112658,29.998766685409375,29.998622222014546,29.997294166105164,29.99889447872883,29.997820868477017,0.08031048340831583,29.998494991816315,29.997971959194498,29.99861258274256,29.998107561042936,29.998863965934817,28.749154226906057,29.997938078419672,29.99784382341686,29.999097440532484,29.9990273605023,29.999101608400913,29.999136205400166,29.90206854112859,29.998422977769653,29.999212235178632,29.998264615571024,29.999273917440398,29.99810380145289,29.99880122972195,29.99856850517898,29.998904331637494,29.99894963721899,29.99764244342033,29.982255635364446,29.99853003146566,29.991658763978734,29.93535024828193,29.999435837869708,29.999284360338265,29.99454494199559,29.992268552419528,29.996878856366845,29.999051013472744,29.895101667603356,29.999141071756906,29.998476511080348,29.986811011814652,29.998085620330194,0.11155344125324416,29.896327319585502,29.998506430329186,29.998984886756435,29.99952923729402,29.99800907865678,0.00462125316915518,29.9990287069133,29.9984036836989,29.99677229576612,29.998496299245755,29.993546240531078,29.99933790158588,29.999319241832534,0.17631198648249366,29.99810412208703,29.99887614122367,29.99500696435873,29.99126200837194,29.99684296319538,29.999156696857934,29.99887233868168,29.99877553097549,0.13043461397036907,29.971668612434915,29.995907989369933,29.998819372878067,29.999261140917778,29.999205109266978,29.951807630048144,29.70290880458622,0.06664501865521984,29.998499606645375,29.998849071467603,29.971800365689276,29.997642685410693,29.999157467423366,29.996930373846176,29.978778058115765,29.999367007006192,29.998839273908104,0.015119867351675769,29.99884013457951,29.99919988535801,29.999124345935172,29.999485165584634,29.99852103798836,29.977016285750803,29.99182814731984,0.9633663975610842,0.10659440800131904,10
