mean_constant,lengthscale,outputscale,noise,alpha,beta,iteration
0.009667769441473252,11.674722524560615,1.011368986978759,5.065457995855009e-07,0.33760987788618513,4.560855893271633,1
-0.3360667875090793,10.376074853674494,1.7082140746234176,2.0344490997163506e-13,1.9668106197279247,5.110879994112743,2
-0.08580742043259659,4.333978490134554,0.9244500689378132,1.2210171743544427e-13,1.977932479957844,6.48240971792261,3
-0.24460411865852563,5.20973515423206,0.9016084032862192,1.122638581997556e-13,1.9877408579148315,6.736648290668798,4
-0.4312420442802992,6.2636600036207275,0.8305950228980834,1.003146680440864e-13,1.9919242543528028,7.1353598258588935,5
-0.5450252268347758,7.013561873429373,0.7231126112381409,8.75324030894971e-14,1.9942511187496894,7.606487755451352,6
-0.6445894246784132,7.691494723337338,0.6473232982496925,7.554445248707457e-14,1.99567851305294,8.075143100792669,7
-0.7075243911485933,7.946990448116038,0.5920978530432774,6.565143544103948e-14,1.9965456328337308,8.551838298085569,8
-0.7644813356986518,8.223620773518686,0.5425908159470447,5.754239459377352e-14,1.9971333731804506,8.996484229065079,9
-0.8516607491294037,8.781039814251333,0.5150195544990747,5.0696904998190066e-14,1.9976055840729452,9.410738012136017,10
-0.9171711694430216,9.202142868046971,0.48751018422322145,4.496466734548998e-14,1.9979717859020611,9.826933460390254,11
-0.9649127165467942,9.506594745461246,0.4608462406196847,4.018532983193802e-14,1.9982517472915853,10.2364511372785,12
-1.0168548345969548,9.84801028528823,0.4410655142066316,3.616116024478192e-14,1.9984748315320955,10.627160019871733,13
-1.0523798149338461,10.06653987294695,0.4215204828455905,3.2786194150150165e-14,1.9986512277489314,11.012908276720225,14
-1.106342007628849,10.434012132224868,0.4148295882909355,2.988892266012738e-14,1.9987998798603657,11.371243180390096,15
-1.146901635563603,10.70585462999056,0.4000539302494554,2.7410967797917527e-14,1.9989238030653584,11.727317285961433,16
-1.1799942933200878,10.905252320162091,0.3854295347155211,2.5282540936734552e-14,1.9990267520576637,12.078593592844593,17
-1.2204811265357098,11.180575693826228,0.37587189313525804,2.3439812967522516e-14,1.9991152557437375,12.41272272299886,18
-1.2585018526072407,11.43802939707301,0.36672179971385943,2.1835231721918e-14,1.9991918009737357,12.740056245355241,19
-1.2944885355916251,11.679609503335115,0.3581095172476143,2.0429238406645244e-14,1.9992583336006855,13.060868241456378,20
-1.3287222887246481,11.904153462193003,0.349670243696683,1.9190968428036452e-14,1.9993164914374604,13.375964745620212,21
-1.3598098615623566,12.085856905145443,0.34061568430387945,1.809783140015377e-14,1.9993673628067568,13.688498366320667,22
-1.3892415133290137,12.247396531823949,0.3322653769116238,1.7129917364698365e-14,1.9994120788948204,13.996560941686012,23
-1.408722727290253,12.298384010756674,0.3271106438532907,1.6283981200778303e-14,1.9994505023421913,14.305796948520399,24
-1.4263124012442152,12.316042402398004,0.3175983383765726,1.553220568316178e-14,1.9994837731278432,14.60922158958755,25
-1.4742415217259446,12.730458228105048,0.32231929969905426,1.4847814197125012e-14,1.9995169897554996,14.874714970859726,26
-1.5079441994305787,12.979932468342684,0.3188977675057718,1.422671361075373e-14,1.999547964837686,15.154137771200686,27
-1.53758620371191,13.175975065249318,0.3137729182658289,1.3665595704592793e-14,1.9995761800954788,15.435861011986486,28
-1.5657492967449933,13.356073963206992,0.30864956066811483,1.3159926369711166e-14,1.999601843931408,15.716217388336812,29
-1.5947517221534733,13.573000279734062,0.3072892195047705,1.2704036638474985e-14,1.9996253394927088,15.989552680208574,30
-1.6216496997788987,13.755898922664258,0.30342758661688796,1.2294771092376563e-14,1.9996468036484958,16.26303077195388,31
-1.6473278053835054,13.941921084614547,0.30119101295304285,1.1929010511432211e-14,1.999666453239519,16.53285506488606,32
-1.6718204613110967,14.091686998653797,0.2964009245813836,1.1600147336408663e-14,1.9996844538656502,16.803680581964954,33
-1.6953557537160096,14.238926092531823,0.2920056225734012,1.130441399434176e-14,1.9997010088102511,17.072662969144414,34
-1.7179630722349681,14.372607125212232,0.28760318373360794,1.1037730505049713e-14,1.9997162544757874,17.341044303144873,35
-1.7398989769842803,14.501523504953983,0.283417931152132,1.0797194536605527e-14,1.9997303320083022,17.608134389623277,36
-1.7597547943277738,14.608577370158763,0.27934567451993875,1.057727850085403e-14,1.999743319347699,17.875381480354605,37
-1.7750796341548174,14.672394893166182,0.2754730850658342,1.0366875446929092e-14,1.9997552324742986,18.143900604450014,38
-1.7921078881612165,14.74985548092085,0.27106640277701244,1.0166712980346682e-14,1.9997662807606698,18.409144257727537,39
-1.8138694308209578,14.870681674447658,0.2675666813541404,9.985060214296415e-15,1.999776704383416,18.669625018839174,40
-1.836789748063449,15.002149755164302,0.2644978683442929,9.824962995542573e-15,1.999786591022944,18.928908240188026,41
-1.8647877332707345,15.207370293795377,0.2646334932074606,9.685462316865678e-15,1.999796084219716,19.18111060798755,42
-1.8838979579448598,15.294663474413735,0.26119218040133,9.566087875953904e-15,1.9998049583829731,19.44335523109635,43
-1.9039221592048257,15.391258339466981,0.2578256912279629,9.464606417795358e-15,1.9998132886739217,19.704141261996124,44
-1.9256917972043524,15.522711997137034,0.25539873775219885,9.380035062381038e-15,1.9998211970527726,19.961654000382737,45
-1.9401189091927349,15.551087824144137,0.25204751269863557,9.311851589151657e-15,1.9998285370018527,20.22733839758278,46
-1.959646064569319,15.66110196802702,0.24929042368969528,9.25999144387644e-15,1.9998355420080658,20.48565725008544,47
-1.984881368667861,15.842644846154434,0.24884138418404228,9.225379478612677e-15,1.9998423747721508,20.738587965589524,48
-2.00936610647361,16.026154245436114,0.24872060427313092,9.206168511426424e-15,1.9998489969301794,20.992137021176507,49
-2.026385667319483,16.116545631217544,0.24597751794513434,9.206146370168623e-15,1.9998552659849416,21.254393998249984,50
-2.043365981829054,16.206494862268027,0.2434308865146236,9.224830206496358e-15,1.99986118520488,21.516926491516966,51
-2.0634035198475433,16.337201601698997,0.24195699260339545,9.268098955618892e-15,1.9998668157717787,21.776098643408478,52
-2.0831435653594905,16.471503669289408,0.24076071928978227,9.340511235304566e-15,1.9998721714748433,22.035164338547606,53
-2.1012526884073535,16.58656478534159,0.2389834638212102,9.441192933497125e-15,1.9998772467445172,22.296198615628956,54
-2.119163782572424,16.700093770270474,0.2372530674898714,9.570147686227886e-15,1.999882050395391,22.5575306973938,55
-2.1357786130483234,16.772556785979816,0.23563758935510895,9.7182959282434e-15,1.9998865668448704,22.822230994696195,56
-2.152518888628578,16.83462850409397,0.23367374932527413,9.881224523726345e-15,1.9998908182578432,23.087788453577787,57
-2.1698568244063554,16.909172146762284,0.23144908013019072,1.0064102472701052e-14,1.9998948550083857,23.35285918737423,58
-2.1903935355369235,17.05511022893887,0.2307027729927955,1.0293120499388792e-14,1.999898771200756,23.612694966826083,59
-2.207612639822573,17.151517469174685,0.22880246728145504,1.0569190791267419e-14,1.9999025307890974,23.87787894884547,60
-2.226925357569763,17.289153412107304,0.22799613467507585,1.0910256118122318e-14,1.9999061629916406,24.140554559980604,61
-2.2447501097487046,17.409646463082645,0.22680641565955204,1.1329058748383291e-14,1.9999096551796465,24.40575735890333,62
-2.262395517381723,17.5357986565015,0.2258879304960739,1.184432608471695e-14,1.9999130058183017,24.671396149570075,63
-2.278541757719293,17.6227554321523,0.22451215485280238,1.2426873989922124e-14,1.9999161895821076,24.94107094215933,64
-2.2951706726700323,17.715551787685875,0.22305152612531992,1.3087792432331345e-14,1.9999192199777986,25.211075161796867,65
-2.3119094637937896,17.802538992202056,0.22162652116825654,1.3821439853955449e-14,1.999922108449684,25.482516319747482,66
-2.329215125549547,17.896717289359458,0.22025063179409055,1.466216209146606e-14,1.999924873156076,25.754474496033126,67
-2.3469166425010393,18.00835349805429,0.2192002259367781,1.572435920598072e-14,1.9999275338951203,26.026145804660775,68
-2.3637908678330337,18.138770499603368,0.21877215453341817,1.7235503438598525e-14,1.9999300981005743,26.297054108068224,69
-2.3807737639478606,18.210546455498715,0.21747641486748132,1.903482190419888e-14,1.999932542395331,26.573747566101,70
-2.396924753865054,18.28306075283101,0.2159689361384567,2.108982591119215e-14,1.9999348780288229,26.851591629467755,71
-2.413099848631189,18.397759371633995,0.21500272905812304,2.3934477095592587e-14,1.999937131064629,27.12720962945666,72
-2.4292336991538597,18.505945370321378,0.21396970954609815,2.8208982847488812e-14,1.9999392952319106,27.404470050931735,73
-2.443366483695357,18.595261660087893,0.21276616322339847,3.451973138789257e-14,1.9999413643155024,27.68445638707751,74
-2.4565431291568958,18.677190271866895,0.21161806151143991,4.40576465895128e-14,1.9999433413790042,27.96622897049959,75
-2.472491438388594,18.78509170759205,0.2106912343803355,6.231418907738304e-14,1.9999452484969038,28.247187472061327,76
-2.4862674666436564,18.872927422426052,0.20957118838497796,1.0502399231335849e-13,1.9999470807743107,28.531217618579543,77
-2.501837645391471,18.974781662652447,0.20863275458045605,3.113419398293852e-13,1.9999488506649683,28.81561661842789,78
-2.515503431928139,19.12889359520919,0.2081444680958966,2.1542724906776018e-11,1.9999505797897106,29.096060005182515,79
-2.5315739542527975,19.213184699447325,0.20710558328056594,1.650143144626721e-11,1.999952274075317,29.381696394168234,80
-2.5485265202912872,19.305607675211146,0.20621045674202318,1.4888898302833624e-11,1.999953895164337,29.668267522874476,81
-2.5635317019351787,19.4063065364566,0.20527000102981913,1.5690680399335995e-11,1.999955447492896,29.95546710349597,82
-2.5795584879297655,19.503186974168802,0.20433342657921658,1.5244522689329862e-11,1.99995693363144,30.244416480200442,83
-2.5945206546724924,19.602784414293776,0.20342053590576176,1.5434606419345394e-11,1.9999583584191118,30.534584220313093,84
-2.6103549558603114,19.69184318861601,0.20265591694197305,1.3832314884661e-11,1.9999597209958708,30.827175732892048,85
-2.622629800311304,19.77100456739365,0.20212032027329085,1.4634869181316182e-11,1.9999610169124393,31.121240467791818,86
-2.6367935612072273,19.87691260818453,0.2014076982219245,1.519271596589017e-11,1.9999622692603876,31.41473698879252,87
-2.6503843729377885,19.975507882696082,0.20062226716893794,1.5846167987705146e-11,1.9999634776019304,31.71053648585794,88
-2.6633352167601987,20.064064038504828,0.1997876172165478,1.6356045781173955e-11,1.999964637839213,32.008625266884714,89
-2.677505879537998,20.16439989113,0.19906980879776084,1.699523032329981e-11,1.9999657591562467,32.30754264418877,90
-2.6923360404578096,20.270288254940525,0.19843972883234706,1.773485816943255e-11,1.999966846073149,32.60792347817993,91
-2.704845327946728,20.34379241875931,0.1976735369644945,1.7384445693567007e-11,1.9999678844549065,32.91203473557924,92
-2.722131539887052,20.463815759033977,0.19769763901021364,1.528349075739778e-11,1.9999688975956944,33.21479706124997,93
-2.7374407501200286,20.571038215142345,0.19719952141422448,1.478224553991821e-11,1.999969878959832,33.52081143555205,94
-2.7514553629171896,20.671724107435306,0.1965142013391543,1.4917320697534462e-11,1.9999708246106636,33.82937053680409,95
-2.764265896409045,20.766788603720524,0.19576362266677566,1.563150203279647e-11,1.999971733611742,34.14020647368545,96
-2.777649957322177,20.86890312337205,0.19522786134525422,1.5520762291848593e-11,1.9999726096301584,34.45250710619965,97
-2.790312733419604,20.967671185820254,0.19457795919809076,1.5874282422983158e-11,1.9999734532552584,34.76708370694794,98
-2.8027527189545927,21.065822511747943,0.19390499482228113,1.6270664610190075e-11,1.9999742655344066,35.083712416629204,99
-2.8153489474636357,21.164894870254724,0.19322642874864948,1.6607170065706296e-11,1.9999750480222902,35.40230862845789,100
-2.8282972324730125,21.265618016426167,0.19258892732958208,1.6825594136871422e-11,1.9999758022809844,35.722838174011926,101
-2.839175907320045,21.3487596482333,0.19256229254635085,1.7767596971945545e-11,1.9999765245618009,36.04553733247862,102
-2.8521652811998366,21.445107054102714,0.19180149258721801,1.836551881738385e-11,1.99997722125329,36.36903705574278,103
-2.8654189076062595,21.54594816185262,0.19121619573970441,1.8852228899441688e-11,1.9999778952820821,36.694407463054574,104
-2.878763675568982,21.648685095883597,0.19072391581270834,1.9308396860559448e-11,1.9999785476490197,37.02189127421874,105
-2.891350203024172,21.745567758580016,0.19014155882704836,1.9853482720210535e-11,1.999979178103809,37.35205423324036,106
-2.9046763419151405,21.853669357236782,0.18981498477626751,2.0279317808719676e-11,1.999979788427963,37.68357531772248,107
-2.9178430451591417,21.96362701591718,0.18961800078486135,2.071334087267168e-11,1.9999803787739108,38.01699698884003,108
-2.929833384933342,22.063224263337496,0.18895643953181546,2.1218803484167585e-11,1.9999809490547702,38.35345454674369,109
-2.941867259114663,22.164699239963767,0.18831177337463223,2.174443169259287e-11,1.9999815000180605,38.69205036055769,110
-2.952837720452892,22.254144381120337,0.18782410545736433,2.196926140852833e-11,1.999982031425266,39.03361040181892,111
-2.9655522019727227,22.368891465153105,0.18788855747985114,2.2774941200952203e-11,1.9999825453049813,39.37500917911338,112
-2.9772545995481026,22.47456684828704,0.18755781924811418,2.3522919527069358e-11,1.999983042165249,39.719159690731594,113
-2.9885756631326568,22.567291288580634,0.18703083716101754,2.3808723929790842e-11,1.9999835223651021,40.066636647595786,114
-3.0011347481429524,22.68127336034187,0.18718470580801613,2.494354441012617e-11,1.9999839863976407,40.414092209140826,115
-3.0129328090378302,22.778432645703443,0.18658514071466087,2.5399031085170823e-11,1.9999844352965035,40.765167208960214,116
-3.025187036753566,22.88945851874634,0.18651194238937532,2.64898039732266e-11,1.9999848692698843,41.11698726801382,117
-3.0367408412799497,22.994759377662707,0.1860928157170402,2.7283154257501548e-11,1.9999852890830454,41.47133579630424,118
-3.0476984165829095,23.101207614765666,0.18585590915320543,2.8138445919080915e-11,1.9999856951574868,41.827640237701345,119
-3.058251244748402,23.20469949593516,0.18542573572864568,2.886507106703177e-11,1.999986088248071,42.186487420012654,120
-3.0686591444221594,23.29413742616171,0.1852417008851871,2.8656444236472736e-11,1.9999864684613162,42.548595916583466,121
-3.079765920520727,23.39552016906095,0.18474559667436014,2.912017761878807e-11,1.999986837340056,42.912412532672946,122
-3.091344307593172,23.50796325912103,0.18452451205024786,3.030460070573977e-11,1.999987195235535,43.277644473283345,123
-3.10290076908691,23.60658036489742,0.18390744458650465,3.075131374167361e-11,1.9999875424103999,43.646633287974154,124
-3.114636984174765,23.708317043159955,0.18331702798061328,3.133692584136469e-11,1.9999878792854464,44.01818909875235,125
-3.1257694614650213,23.8049710665688,0.18274164392892553,3.14364144442368e-11,1.9999882061693681,44.39302633671525,126
-3.136388371632581,23.91444430603286,0.18239329946033483,3.25612938627984e-11,1.9999885233838393,44.7694817783886,127
-3.146651241077778,24.023653275193443,0.18211404426178102,3.36526840961053e-11,1.99998883097841,45.148385404711846,128
-3.156707040494933,24.134389589524183,0.18204312081856594,3.492044783833424e-11,1.999989128881547,45.529243229750236,129
-3.1670206195120967,24.235404338473497,0.18156916845556806,3.5401133648982415e-11,1.9999894179464657,45.91364235732668,130
-3.177636148490952,24.339679390575096,0.18109578497796977,3.607058920975438e-11,1.9999896985701686,46.30070325153723,131
-3.188352070922113,24.44203585480034,0.18055618024437733,3.6543306014662015e-11,1.9999899710647602,46.690917027315606,132
-3.199204674232994,24.54161549879954,0.18004003881667294,3.6640920361961664e-11,1.999990235737352,47.08442554623264,133
-3.2100470770672977,24.641107943675653,0.1795316721441217,3.667599304315039e-11,1.9999904929080798,47.481079313175826,134
-3.2208914120392533,24.744354157280206,0.1790328213006666,3.71006480074489e-11,1.9999907428816162,47.88057864109816,135
-3.2316437473587243,24.84644293736526,0.17852293271412503,3.732591917882156e-11,1.9999909859057294,48.28335326697912,136
-3.242259525370998,24.96253339548359,0.17850635844402996,3.9499705972740286e-11,1.9999912216796074,48.68727933011305,137
-3.2531328785681666,25.06433509498986,0.17802686053415456,3.950655296680129e-11,1.9999914507917875,49.09532028931777,138
-3.2635724555963703,25.16076102238434,0.1776070123408989,3.894735072634266e-11,1.999991673560373,49.50703918749049,139
-3.2738479445170947,25.28115293424772,0.1776000178648156,4.1250185144576834e-11,1.9999918899904263,49.91927161728417,140
-3.284393207772023,25.39271093594982,0.17726940622933265,4.22517343155064e-11,1.999992100310649,50.33497642187744,141
-3.294348814384408,25.505478373922887,0.17701322461583308,4.351646913618199e-11,1.999992304602926,50.75338052456969,142
-3.3042646198921983,25.61522025397688,0.17659314112130803,4.433477364408293e-11,1.9999925031429484,51.175066692576635,143
-3.3138535111838174,25.7272790508468,0.176424487728862,4.551485050374733e-11,1.999992695945269,51.59936249791273,144
-3.323753925021092,25.834165180877704,0.175980000916709,4.598054766269336e-11,1.9999928834348808,52.02733320158596,145
-3.334145488791695,25.931349310682332,0.175905767826412,4.5154085258431334e-11,1.9999930657032186,52.45911707019606,146
-3.343743113380268,26.046802487708785,0.1756449103759455,4.632927445655002e-11,1.9999932431446896,52.89249846216255,147
-3.353289350070263,26.161862139360533,0.17528734232461912,4.740262410283508e-11,1.9999934158081714,53.328983072958145,148
-3.363062253783321,26.271963715652415,0.1749334483046836,4.806738225893488e-11,1.9999935838538025,53.769218230625654,149
-3.3727278928640483,26.38489234831013,0.17458840944691553,4.9016206291659706e-11,1.9999937473271572,54.2124668083797,150
-3.3822878462706676,26.49920343797301,0.1743542421464494,5.016622287147362e-11,1.999993906231713,54.658623569349494,151
-3.3919454831564733,26.610758822149982,0.17398812501186406,5.093985076496459e-11,1.9999940608144438,55.108315957854266,152
-3.4015664858706467,26.72208988561723,0.17349610995947937,5.161098381643876e-11,1.9999942112459186,55.561462143258325,153
-3.4112583636671627,26.83383561244311,0.17330528205958898,5.248047301934494e-11,1.9999943575931292,56.01792020281625,154
-3.420799346850546,26.946493107106093,0.17293308507341798,5.3335023090322975e-11,1.9999944999615946,56.477629529809235,155
-3.430487337464412,27.0566432641173,0.1726277705040574,5.3809684971864594e-11,1.9999946385676926,56.94110667266607,156
-3.4401220625562376,27.166863131558536,0.17220188171627682,5.4167064019419064e-11,1.999994773555299,57.40824858002903,157
-3.449663345483498,27.279412690995994,0.17182107755046847,5.4902388113342466e-11,1.9999949049683963,57.878758791287886,158
-3.459205862569846,27.39182734124933,0.17146800275612917,5.5563519652219385e-11,1.999995032912686,58.35288495617198,159
-3.4687828993169747,27.50319639230454,0.17107354495173965,5.5892983141517675e-11,1.999995157535875,58.830856283129215,160
-3.4782954050864014,27.61607808726224,0.17070707872594673,5.6513770961838836e-11,1.999995278907333,59.312413762550676,161
-3.4876789792835976,27.730383588222608,0.17030778231010862,5.734674594876953e-11,1.999995397068595,59.79746702781873,162
-3.4971200032288783,27.844205238790465,0.16997427823680064,5.8017088672590446e-11,1.9999955121342152,60.286274382108985,163
-3.506606410140121,27.957362702355297,0.16963172065797505,5.840524203161484e-11,1.9999956242356323,60.77899586531612,164
-3.516035583907329,28.070269739586937,0.16917181270842604,5.845132417822413e-11,1.9999957334834693,61.27568996827621,165
-3.52546542229509,28.184292605585913,0.1688183549020244,5.886503642879486e-11,1.9999958399478055,61.77621757624854,166
-3.5347420129279654,28.30080557084295,0.16848605470452263,5.988201629079753e-11,1.9999959436224373,62.28022293708137,167
-3.544108351983839,28.41572252652568,0.168128257783204,6.021434834695771e-11,1.999996044647796,62.78833488736572,168
-3.553474766644869,28.53097752815121,0.16779171800590334,6.060015166976974e-11,1.9999961431124749,63.30043730719334,169
-3.5629694726840144,28.644009646209135,0.167701708857468,6.033841954348482e-11,1.9999962391130914,63.81689277241946,170
-3.5721450251127833,28.762376576992068,0.16716325352302608,6.117601004875819e-11,1.9999963326709258,64.33672641690785,171
-3.5815852968308435,28.876296499904193,0.16706149627731307,6.092182241623555e-11,1.9999964238999879,64.86119825333299,172
-3.590774690190093,28.993898902004297,0.1665546000450626,6.128801265227587e-11,1.9999965128640245,65.389435610994,173
-3.60005940309972,29.111602802412857,0.16627437087455554,6.174771267907077e-11,1.9999965996124567,65.92182936349658,174
-3.614565967383712,29.263176942911763,0.1665613027893995,6.330560434684222e-11,1.9999966844082468,66.45593065561442,175
-3.6263881458167635,29.397994950611334,0.16623518348271998,6.315877229812663e-11,1.9999967670626946,66.99529760586063,176
-3.6410578378558336,29.536787042229076,0.16619204413610175,6.7063440173059e-11,1.9999968473716971,67.53694443894271,177
-3.653959672068369,29.6784381676617,0.16618300530235086,6.870872407240934e-11,1.999996925488548,68.0806644107068,178
-3.6647616477013845,29.808443369244312,0.16600936661577811,6.701725954933892e-11,1.999997001604357,68.6281368517079,179
-3.6764234163072733,29.944076802255736,0.16587152365060928,6.942767634675837e-11,1.999997075720738,69.1776850526618,180
-3.6886064355801813,30.080143101141395,0.16584086274382273,7.029008530306099e-11,1.9999971479042469,69.72950206578817,181
-3.7061812710905784,30.224113423859155,0.1659774866312287,6.90145489881612e-11,1.9999972183676746,70.28393831168627,182
-3.718597305321245,30.363537474771945,0.16567844733891338,6.944329622030567e-11,1.9999972870841487,70.8417611965208,183
-3.7305510998253624,30.48561949021797,0.16562934341236407,7.117228094360978e-11,1.9999973539855216,71.40554819078963,184
-3.743122660679874,30.62881528840548,0.16542168661736437,7.342681595942701e-11,1.99999741904305,71.96912738773246,185
-3.755676693828036,30.768449383401748,0.16547620496701818,7.280796240581887e-11,1.9999974825040614,72.53638495430772,186
-3.766675600594406,30.89131880497975,0.16519398293443682,7.419679722343858e-11,1.999997544492003,73.11003479666729,187
-3.7813699465702584,31.019176564086006,0.1649954424296962,7.551007504418017e-11,1.9999976048580335,73.68664181994473,188
-3.7922043743845206,31.160295559140838,0.16484852564044897,7.604791652691768e-11,1.9999976641260089,74.26522004199447,189
-3.802778582992865,31.30137555627604,0.1648345511579799,7.76355694457907e-11,1.9999977222377354,74.84870189193188,190
-3.820636751109762,31.459668893993086,0.16512297426882863,7.636853619243513e-11,1.9999977796159791,75.43732469576089,191
-3.83629054578894,31.629932912442452,0.16509440888798557,7.685614264187542e-11,1.9999978360170227,76.02995245698462,192
-3.8531515647648913,31.788808841506633,0.1654307162541097,7.534006799378827e-11,1.9999978917550527,76.6325511142884,193
-3.8683603081690325,31.946907076491023,0.16542997952405636,7.673686603269876e-11,1.9999979468668727,77.2418255303055,194
-3.88654982469459,32.12371455493688,0.16593213493090958,7.627817182043956e-11,1.9999980014308516,77.85532947884937,195
-3.899203086921876,32.262623358973144,0.166013367294529,7.59716711376511e-11,1.999998055159386,78.47948849687064,196
-3.9040335351518576,32.29340484320316,0.16534999420287097,8.255966287470865e-11,1.9999981073610529,79.1318771778228,197
-3.900602908430367,32.29050614638342,0.16443113926686273,8.298710327547794e-11,1.999998153028912,79.79292040191409,198
-3.8948471542760603,32.34012689338123,0.16474913527410562,8.940335192316944e-11,1.9999981843095211,80.44370082420336,199
-3.8897049692922003,32.40603447943087,0.1651614166910833,8.667249875005181e-11,1.999998184274239,81.07681458843639,200
-3.90242569373114,32.63249122908884,0.16663280268673158,8.948122343459853e-11,1.9999981618952736,81.67845360138233,201
-3.912982919009006,32.90661676019486,0.1692195162493532,8.725314389709931e-11,1.9999981041028914,82.25746883042049,202
-3.92802248412374,33.169602030163496,0.17099190079314314,8.77135751906712e-11,1.999998016772187,82.83537946821993,203
-3.9361924378462305,33.396920662826204,0.17271958201195386,9.11703467123894e-11,1.9999978927882174,83.42276141205862,204
-3.956100888395043,33.57766078803735,0.1739627377086233,8.483371107274605e-11,1.9999977115622523,84.0202353644552,205
-3.963065985812388,33.8187029407355,0.1771415133662682,8.383534656761081e-11,1.9999974088791825,84.59123362084428,206
-3.9720876310136353,33.92479181076696,0.17779823769903155,8.179949761982471e-11,1.9999969171558678,85.18896370505898,207
-3.9893267353175426,34.09616474960932,0.17810598369486472,8.180616971814712e-11,1.9999961390422187,85.77886607414716,208
-4.005068014193139,34.26316462168917,0.17841081957653018,8.228376836107405e-11,1.9999948102566667,86.37849292528911,209
-4.02024879124194,34.446204500681624,0.17914073183914744,8.260108834389012e-11,1.9999920101087452,86.97788356925902,210
-4.035361413669936,34.604485173371565,0.17930013736557376,8.309686772339129e-11,1.9999830041617965,87.59172622634378,211
-4.050013860718027,34.72856158429105,0.178958705859675,8.301820692231124e-11,1.999677277137489,88.21956508480852,212
-4.14495763437081,35.77643889874101,0.17994193692299376,8.527007186505181e-11,1.99368152113872,88.68822627367153,213
-4.161658245350061,35.94009027065674,0.17986225101898307,8.572349891696079e-11,1.9934411533535579,89.36566318569093,214
-4.177104078238652,36.11372511084065,0.18023636694637107,8.618800414665942e-11,1.9936184100763177,90.0472996161389,215
-4.191317690619265,36.28109655440107,0.1805287339994084,8.648067436901898e-11,1.9938012163614247,90.73877254056674,216
-4.205948679036413,36.45377148314694,0.18088427085339515,8.697682928496643e-11,1.9939662926954729,91.43747276180503,217
-4.220435307170655,36.6276030969807,0.18105768593871488,8.780064487183004e-11,1.9940568066245452,92.14307985171656,218
-4.233105397918319,36.769107765380284,0.1810768996735516,8.7951684616312e-11,1.9940857025880847,92.86466234419227,219
-4.248763838957006,36.94157922166428,0.18138459312156635,8.85732101509321e-11,1.9942051365667965,93.584542839445,220
-4.26428287782781,37.116452999687816,0.18165460334770253,8.913986823331852e-11,1.9943310286615439,94.3112999154389,221
-4.279224542087285,37.29232525770645,0.18196093026968874,9.007103859278875e-11,1.9943958038010672,95.04566315907061,222
-4.2945138035832375,37.475451340429835,0.18205199411095221,9.075732119478303e-11,1.99448761030745,95.78469517366734,223
-4.309348557175529,37.64938234325705,0.1823973042554097,9.125033053460226e-11,1.9946482432083825,96.53383188497186,224
-4.3238207914582825,37.84604847804192,0.1829238578217022,9.223608230235584e-11,1.9946551231821539,97.28359778148246,225
-4.337894238969567,38.01965952686439,0.1832618480261212,9.273301185681902e-11,1.9948229340779824,98.04744315620208,226
-4.358264344301017,38.20383567892297,0.1836887751951127,9.073029924973092e-11,1.9948200788512402,98.81485831669227,227
-4.372928907406769,38.39560720406862,0.18389341954789412,9.109442754518326e-11,1.9948282096489625,99.58619234153876,228
-4.3860996739190385,38.57633312303169,0.18444817989193502,9.146091217045011e-11,1.994793215005416,100.3649708507963,229
-4.401645230118612,38.77603060003087,0.18503986195284722,9.204547852056201e-11,1.9948154004130088,101.14512388456565,230
-4.416337067080972,38.96829520380228,0.18540089880437832,9.252761490820513e-11,1.9947335712996255,101.93485821104778,231
-4.43009375838723,39.163467337763116,0.18572532348385784,9.227621098890953e-11,1.9944337326842256,102.72842087376756,232
-4.448425325491589,39.436348140454896,0.18655609815632834,9.32996758625859e-11,1.994012407948431,103.50372762421868,233
-4.463460639553017,39.62554128294203,0.18688024587966573,9.328889261238765e-11,1.9939596614888417,104.31432001951327,234
-4.478972664608514,39.816569358030314,0.18708873951636046,9.380966072306661e-11,1.99404932061054,105.1323392151411,235
-4.494633713197718,40.01543924855146,0.18740798012903404,9.436525570880753e-11,1.9940903746701377,105.95540724871537,236
-4.507974257251336,40.212464843453205,0.18776261725484714,9.503252490836705e-11,1.9940466904801601,106.7835124428169,237
-4.523437151801419,40.41320489235075,0.18819949534600755,9.588317416567856e-11,1.9941067590879786,107.61699785436768,238
-4.536384825735811,40.6252985536909,0.18913501495135446,9.660019900101794e-11,1.9939700039639485,108.44781581847002,239
-4.552203112538722,40.84151840547681,0.1894310290592363,9.718786476899649e-11,1.9939735915908403,109.28269724579614,240
-4.567236512969827,41.03261388206173,0.18974159135748248,9.806520670474486e-11,1.9940435390029216,110.13416285119183,241
-4.580874409403874,41.30108274004783,0.19120448340419485,9.83276254445431e-11,1.9938198550861816,110.95662783743357,242
-4.5974251250120375,41.50278653291147,0.19161356912967067,9.898339837628353e-11,1.9938973322853266,111.80802831897564,243
-4.612039667462651,41.70061515595873,0.19204805625023902,9.940044416271837e-11,1.9940142758929327,112.66965361898805,244
-4.626485841366532,41.89558342079254,0.1923224642536272,9.989023902314135e-11,1.9940851730718263,113.54099394591815,245
-4.641198719301614,42.09126620306138,0.19261814220031168,1.0046074674576248e-10,1.9941720013035134,114.42059224866539,246
-4.655317725042961,42.279640021005804,0.19295017774784554,1.007707276842086e-10,1.9943093109081795,115.31058015638484,247
-4.670127617361369,42.47790449548257,0.19319802377516826,1.0116022700516732e-10,1.9944108370091438,116.20385207576751,248
-4.684524557238805,42.67612023599515,0.1932576536356914,1.0160546481161038e-10,1.9944585710820228,117.10408213850955,249
-4.700236444434394,42.87667366571617,0.19402339427502777,1.0216195485612624e-10,1.9945190264108812,118.00918964427969,250
-4.715822041473247,43.08026817625314,0.19452529994097684,1.0269425670259978e-10,1.9945850029067507,118.91847456174862,251
-4.7272256479173596,43.27527073896558,0.1948861084747314,1.0289021634690487e-10,1.994552223928876,119.83018449298874,252
-4.7426000195578695,43.477955069151776,0.1953292742290208,1.0320918101317609e-10,1.9946050063644178,120.74566730950309,253
-4.764993408238791,43.68969573778217,0.19606303591824098,1.0185032191394147e-10,1.9946031767421148,121.66517190857462,254
-4.781464638667134,43.89816390746226,0.1963457362961423,1.0227540216333347e-10,1.9946712842744654,122.59413470312887,255
-4.793031087081829,44.08630919181442,0.19673617929371645,1.0181933057922014e-10,1.9946108312283297,123.53079189084124,256
-4.807979295292987,44.2803133604,0.19721477384690506,1.021472201942575e-10,1.994721171537421,124.47135615974872,257
-4.822587375216097,44.481119678562926,0.1975248250016253,1.0226602058651223e-10,1.994756992682544,125.41835901012864,258
-4.8377746082662325,44.68697606278717,0.19807787810952746,1.0274440033241183e-10,1.9949313563411397,126.37128283184467,259
-4.849207475412029,44.85745261353035,0.19814095828772696,1.0329282735056192e-10,1.9949693094208687,127.3466781144581,260
-4.8639738020383,45.05487066744235,0.19861319663921884,1.0379840565728105e-10,1.9950796699035749,128.31527514766952,261
-4.879932824348448,45.27544666823238,0.19907923517310927,1.0390424322525919e-10,1.9951885822668565,129.28076584919688,262
-4.89533777220175,45.483055502869895,0.19944820463445123,1.0446619408157017e-10,1.995247416608317,130.25790610294248,263
-4.9101442254625605,45.7008211378922,0.19910716975357595,1.0480455024261753e-10,1.9952984833915823,131.23736216965935,264
-4.924551591301414,45.91078074963063,0.20019938792813155,1.0523496283886834e-10,1.995287689626531,132.21728390432983,265
-4.939620942943826,46.11296390379169,0.20062976059119908,1.058128906206321e-10,1.9953447248470322,133.20639508397062,266
-4.953525671855996,46.30828861396076,0.2009867816374504,1.0634846475620992e-10,1.9954479947910055,134.20702708002693,267
-4.968337035399223,46.515265051786265,0.20150837848043926,1.0687196213834959e-10,1.995512572001278,135.20967652412867,268
-4.983200698766786,46.73282710886336,0.20151933898388144,1.0721290226241074e-10,1.9955722283136448,136.21221151376213,269
-4.997826171340228,46.94504300789534,0.2019418378290706,1.0765193360878341e-10,1.995615194331141,137.224412915651,270
-5.012851362636559,47.15431200419857,0.2023285104229325,1.081229186564364e-10,1.9956765936698795,138.2378191566403,271
-5.0277720126560075,47.36509324810866,0.2027881023840843,1.0858232470434018e-10,1.9957395632191433,139.2547630505303,272
-5.042351442755284,47.57368054206831,0.20325301731271836,1.0904215624148602e-10,1.9958045570679352,140.2815524324976,273
-5.056572613040232,47.78277980012377,0.20371619220304654,1.095717098965121e-10,1.9958491845088537,141.3134334415478,274
-5.071217030938179,47.99447117166502,0.20409181304765175,1.1004329205632289e-10,1.9959114871783392,142.34871571059847,275
-5.085881937296952,48.20890499460625,0.20412995038076287,1.1041582190058959e-10,1.9959660188351074,143.38613466584243,276
-5.098591584979037,48.42530151519739,0.20324493907095956,1.1051616634235946e-10,1.9960394479900774,144.42828989278885,277
-5.11493154111122,48.63404799481039,0.20505117544615392,1.120860661552945e-10,1.9960407635441215,145.47038022645904,278
-5.129763416832595,48.84840242608573,0.2056791430673392,1.1273423066252477e-10,1.9960928408990304,146.5166007392711,279
-5.14432025554184,49.065308965009066,0.20567829735196977,1.1311541892630135e-10,1.9961488856745195,147.56441994007434,280
-5.158362914743582,49.27742914184372,0.20673286191562992,1.1367531699981234e-10,1.9961738118593046,148.61135995442012,281
-5.173012193027028,49.49571975052849,0.20698731638078666,1.1412214978913724e-10,1.996215980141633,149.66149052586778,282
-5.18771493520532,49.722744407774634,0.20657523636154476,1.1444934352525376e-10,1.9962683697225427,150.71432875765444,283
-5.204762500317092,49.93573564445934,0.20861971329845816,1.1532023736523674e-10,1.9962879070209043,151.77696486419967,284
-5.218875176554297,50.156182644713596,0.2083401371628199,1.1561230683486455e-10,1.9963388218682776,152.83698614418955,285
-5.233742323426284,50.37818054125368,0.20832621130847803,1.1601475596245579e-10,1.9963878431984898,153.90101551831427,286
-5.249218145328705,50.58750247125883,0.20960834837761352,1.1654696834481092e-10,1.9964193519976432,154.9749070267101,287
-5.264145241309506,50.80550656987318,0.20980505520817602,1.1700381256981317e-10,1.9964627635695686,156.0409857734275,288
-5.278461299447218,51.018921478481516,0.21001331443874366,1.1736717733140252e-10,1.9965092939488398,157.1150233229102,289
-5.292596014543813,51.24035648816615,0.2103215300494068,1.1791128115768287e-10,1.9965418068215257,158.18736966235926,290
-5.304250340280556,51.421717169887444,0.2106719872233743,1.1801169808925268e-10,1.996574609058314,159.27808680072508,291
-5.318999786035113,51.651701959002125,0.21145075200667612,1.1891610607761025e-10,1.9966004074202484,160.34563573677923,292
-5.334972095136531,51.8748220309,0.21230689792975233,1.1950535821210891e-10,1.9966331068285954,161.42031040076773,293
-5.349478292304093,52.097671571939024,0.21203093218783783,1.1984316814898103e-10,1.9966821578314884,162.4985351222781,294
-5.365500419781846,52.32677292917808,0.2132292895994945,1.206818481073424e-10,1.996700343099303,163.5718801780714,295
-5.379307742006099,52.55958773231079,0.21398421151189978,1.2131990962889572e-10,1.9967111718705084,164.6374542454475,296
-5.395448976051313,52.79280723487536,0.21475070283189465,1.2206079895166623e-10,1.9967342852484227,165.70906488762134,297
-5.411886625495896,53.02346737508319,0.21560864951099948,1.2275049464370407e-10,1.9967604170569029,166.78542527737764,298
-5.424881219697248,53.26908867820123,0.21458196560037074,1.2287630018277181e-10,1.996808241802632,167.8560504659725,299
-5.442860036664961,53.500257414607034,0.21703013893830897,1.2397432382816137e-10,1.996802894983867,168.9240730515378,300
-5.458357321377995,53.73085878278281,0.21751322669640577,1.2452261847900987e-10,1.996836420108482,170.00056223324046,301
-5.47258208488088,53.96914741367643,0.2183921251743077,1.2512897880024296e-10,1.9968453293941435,171.0652802551802,302
-5.485916566801917,54.14848910195914,0.21856340094860538,1.2557659953035448e-10,1.9968827392684234,172.16996915698314,303
-5.500866624524869,54.386155953217326,0.22002675401853272,1.2619431873857618e-10,1.9969049474953595,173.24301907456567,304
-5.515703771351508,54.61121796956285,0.22018977038138876,1.265642777115041e-10,1.9969521247503454,174.32307328631168,305
-5.5318805330904715,54.870772574887155,0.22139070565948787,1.274709281542193e-10,1.996949238356026,175.37745049730862,306
-5.548418765390782,55.151309871310744,0.22289238577158443,1.284957743020922e-10,1.9969201678632382,176.40313721449755,307
-5.566885715876255,55.44015432324512,0.224055573105995,1.2942250587069005e-10,1.9969224852279193,177.42515799231296,308
-5.591467674194136,55.82355153358427,0.22623341312178713,1.3141819203764001e-10,1.9968171610501095,178.3761690580943,309
-5.608807675067169,56.10865678718517,0.22791197854484085,1.3350706896157298e-10,1.9967921523243224,179.38191088884932,310
-5.629244350783042,56.44267851858617,0.2298935468038867,1.3504171570671165e-10,1.9966972657212843,180.33092965994243,311
-5.643828519748046,56.673721192652486,0.23054291305403407,1.356092877699322e-10,1.9967293079758608,181.3561753333267,312
-5.65710238446812,56.89180585623674,0.23001877779277946,1.3584683369735423e-10,1.9967887493541576,182.39997312443234,313
-5.675121005192551,57.11480683483071,0.231995832118095,1.3693464423435059e-10,1.9968036697337905,183.43182738621297,314
-5.692094499420688,57.34062664534185,0.23360665014934978,1.3798185837035965e-10,1.9968235870429383,184.46724369468177,315
-5.704925586707769,57.54884112350705,0.23311121861823256,1.3816254886185883e-10,1.996879041915062,185.5100529785191,316
-5.72218124411342,57.76549900081999,0.2350130135744192,1.3924658968614738e-10,1.9968965391042608,186.55133799551604,317
-5.734997397926291,57.977311843099244,0.23445124436050407,1.3942805663903463e-10,1.9969527688452924,187.5910688007566,318
-5.752310937553388,58.17489260909717,0.23628306118490616,1.4031426215501093e-10,1.996978147909895,188.6465063285191,319
-5.766085077854663,58.37989378185163,0.2355430740904625,1.4055608150290633e-10,1.9970352351008154,189.6830465918167,320
-5.781283270516425,58.584734324707625,0.23604414565243376,1.4107224991112681e-10,1.9970775000527445,190.72658363569502,321
-5.794283211048103,58.761546411604755,0.23646115526949843,1.4147636262572645e-10,1.9970960591279787,191.7792755550976,322
-5.8078351674714215,58.96074397674849,0.2370237260636207,1.4203657036725463e-10,1.99715469597872,192.8194474036431,323
-5.822007053825785,59.17240671235695,0.23719100877663626,1.4249879138109566e-10,1.9972014063161174,193.86056583816494,324
-5.836283593952213,59.374794254364915,0.23817269763117604,1.433204832502159e-10,1.997238290409241,194.88125213637272,325
-5.851665100117659,59.58235922800017,0.239091663191834,1.4401727692746922e-10,1.9972713548373662,195.89781637492536,326
-5.865171252288523,59.780967496332025,0.2397670765070221,1.4460792018051213e-10,1.997309097146716,196.93238875156007,327
-5.882935261992855,59.98297332207318,0.24197723287716139,1.456242929576383e-10,1.9973272769037542,197.97364268916402,328
-5.8956928527903765,60.18917674086317,0.24071122934039363,1.45676144292382e-10,1.9973832771744153,198.9955477508441,329
-5.911075161902556,60.387882290420094,0.2413778676979233,1.462465589653871e-10,1.9974186461022454,200.03074889107666,330
-5.925396403975552,60.583212190730144,0.24154006397295852,1.4668110070566465e-10,1.9974660435944982,201.07140225755546,331
-5.939631673514944,60.771011712789004,0.24196437945291352,1.4725147531934113e-10,1.9975216975243302,202.1157965984447,332
-5.956010471098928,60.97855704628405,0.2436290762189115,1.4825093714389261e-10,1.9975467003521112,203.14288346782408,333
-5.969306547752504,61.182142128405005,0.2439557243691801,1.4883608159518929e-10,1.9975852660037994,204.17080120539597,334
-5.981852125019803,61.34330126024914,0.2442229902450258,1.4908363394506363e-10,1.9976201623835506,205.22477966470828,335
-5.9961693673284895,61.53317790881567,0.24467599522090208,1.4951980322835085e-10,1.9976644567284536,206.25758556269903,336
-6.010190160231038,61.72729982447031,0.24535565391231126,1.5017575241335745e-10,1.9977154604366925,207.28585955365043,337
-6.020838530521497,61.88854428684884,0.24474793460881317,1.5043480057951798e-10,1.9978015694841456,208.3417040605179,338
-6.03532680178626,62.07031128005805,0.2455553582251629,1.510524522831683e-10,1.9978493013886949,209.3757275217609,339
-6.050155024170602,62.26329033436243,0.24645835032296348,1.517583024585041e-10,1.997894731563916,210.39145062227064,340
-6.063310196016651,62.44964822740258,0.24625288828123285,1.5201248048179916e-10,1.997942997935214,211.42163072872054,341
-6.0790000656792795,62.63162703752674,0.2477203624170139,1.527637662139212e-10,1.9979797200039322,212.44380450086624,342
-6.088620506746785,62.79697703904083,0.24808181876712465,1.534356111446346e-10,1.998039869630818,213.47511683690254,343
-6.102427272064162,62.97904701091685,0.24834126283898636,1.537389636902661e-10,1.9980724450500387,214.50179271190254,344
-6.115717496887209,63.181178005565776,0.24935962642807993,1.5464041164830808e-10,1.9981193036919889,215.48208771456518,345
-6.1306527653354435,63.36561631598622,0.2501102781056119,1.5520569490760625e-10,1.9981602820225204,216.47371699523177,346
-6.14437983199528,63.55626938595245,0.25084790945431024,1.558742188907973e-10,1.9982066325741572,217.47233472281394,347
-6.158979473893874,63.74837392396371,0.2519644204964621,1.5654393814139285e-10,1.998244001497768,218.48096728241984,348
-6.173781859842205,63.950760158894454,0.2528110646297646,1.5744903637086014e-10,1.9982799614122535,219.4629690192215,349
-6.187616131660095,64.14605579567173,0.2531093981869726,1.579472678085272e-10,1.9983188352528334,220.44553013473518,350
-6.202571750726351,64.3462021264374,0.253981092861824,1.587722062568236e-10,1.9983531836277404,221.43570104489356,351
-6.216548696795452,64.5428567251853,0.25497078634407083,1.5962582928514003e-10,1.9983796826307798,222.4098094968512,352
-6.231127470742135,64.74296449234541,0.25577836861044856,1.6041209150892304e-10,1.9984090957582656,223.38168375404177,353
-6.246999520971928,64.942432493885,0.25673133922630886,1.61221284446555e-10,1.9984412502633964,224.36554785961368,354
-6.262151780036523,65.14073242677551,0.2575476403129581,1.6189922443150597e-10,1.998471181961115,225.32663594272032,355
-6.276242931901865,65.32356848930593,0.25800369805127554,1.6233594605500532e-10,1.998507167433595,226.28985297989558,356
-6.2906555424319075,65.52070887317831,0.2588488549588354,1.631314788188397e-10,1.998529087008923,227.2487012110959,357
-6.303244036965004,65.7121574972247,0.2596832036601532,1.6387595261662465e-10,1.9985510826930093,228.20777192885836,358
-6.317840699398185,65.91025234161081,0.2605093149293606,1.6458053167570085e-10,1.9985784143385514,229.1659454191222,359
-6.333089339572208,66.10936984327722,0.2613559476102293,1.653193523159289e-10,1.9986049077904364,230.12025129525227,360
-6.345890867852782,66.3024067367772,0.2627127515069476,1.6596521751615803e-10,1.9986195873883668,231.05130382436977,361
-6.361279034095534,66.5050279555748,0.2636988956640885,1.6676530297489374e-10,1.9986434700713787,231.97796758938813,362
-6.3618776798719825,66.62612014877148,0.264779526212165,1.6713527064318982e-10,1.9986438613384419,232.86138222586186,363
-6.376009703027988,66.84370654130049,0.2668967840720412,1.6817725875455973e-10,1.998670131739687,233.6325037046005,364
-6.389630723780265,67.05181245559216,0.26861897191634393,1.6877660591833724e-10,1.9986853229431738,234.41703415199493,365
-6.404422422168987,67.25064585624524,0.2700048420443065,1.6954938684735727e-10,1.9987035539756453,235.2191406234211,366
-6.419622357188734,67.4601762234744,0.2714441992449192,1.705115714364527e-10,1.9987046872999772,236.01672142719198,367
-6.435169333085736,67.64477655408892,0.2724452019703606,1.710632226558514e-10,1.9987248302167284,236.84765204480058,368
-6.458639068358372,67.95655993698298,0.2746110021273936,1.7064786371683918e-10,1.998666446870046,237.56804517844205,369
-6.477185306997326,68.19089675660923,0.2761115652966159,1.7300902571861523e-10,1.9986767965886696,238.36867796875916,370
-6.49881124452785,68.40786661508761,0.2776566356657554,1.780350728880351e-10,1.998686386770655,239.18821933912452,371
-6.512751829291877,68.57146768607684,0.2781600993657162,1.7904399317077395e-10,1.9987203289488176,240.06536754600603,372
-6.528430102315636,68.7081630210008,0.281217504703899,1.8069347828417193e-10,1.9987563894759184,240.97419070929914,373
-6.539598963180322,68.8865890289094,0.2791160431902592,1.8019121139395672e-10,1.9987826129480262,241.80756323260803,374
-6.554096232545677,69.04941958372608,0.2798207853353738,1.8063868750930237e-10,1.9988069463139244,242.6618195855813,375
-6.568229052159566,69.2162236532381,0.28040834555119065,1.8071111248339066e-10,1.9988306505902114,243.52353577697613,376
-6.582524903468406,69.37660656737494,0.28173314804665045,1.8294282249540695e-10,1.9988647744336414,244.39313290822196,377
-6.593746785495346,69.5402418404948,0.2812917003618255,1.8255450477066745e-10,1.9988943766538592,245.25747557022532,378
-6.609975276998888,69.70256363596565,0.2831148415093784,1.8330753595682726e-10,1.9989102345043295,246.11659097482834,379
-6.624693940375268,69.8687286301265,0.2831023636946574,1.837165674085536e-10,1.998932423607905,246.96134959765527,380
-6.639766068931783,70.03395812859173,0.2836090914123419,1.842900898261578e-10,1.998953715235305,247.81652630667406,381
-6.654307657046257,70.18502205514888,0.28453240308286537,1.8461207319531042e-10,1.998980246504645,248.64610745009216,382
-6.669635532844732,70.3650495843122,0.2857441373194609,1.8704613250543272e-10,1.999014117751397,249.445713175641,383
-6.683951885622314,70.55230857431448,0.2869484677369844,1.8986777559437515e-10,1.9990350226687876,250.24903442542956,384
-6.690256710637711,70.69439343730359,0.28790605950020826,1.8977520446059736e-10,1.99905890615169,251.08875071749904,385
-6.69491779845575,70.81280231724503,0.2887733914876799,1.8951344796136738e-10,1.999105872811924,251.9466251410819,386
-6.706212966510307,70.95949885885447,0.28940771418004535,1.8876720331252867e-10,1.9991421361522574,252.78601374891974,387
-6.719248969279053,71.09097233705944,0.2909262790458537,1.8869262299204924e-10,1.9991810619252943,253.64334225594774,388
-6.733848147674305,71.2627563424013,0.29034150772387807,1.8866878023120197e-10,1.999186477705497,254.45051306864553,389
-6.7469076742037775,71.42098914660397,0.29072261103066716,1.8925248489314077e-10,1.9992141108750807,255.27545232820276,390
-6.7624175180604515,71.58038553595912,0.29204357426321165,1.8961843214466837e-10,1.999228861729295,256.086563311417,391
-6.777128493985527,71.73908164060026,0.2924553065498597,1.9001347173133912e-10,1.9992462068349137,256.89747482596147,392
-6.7911121335280455,71.87520552820136,0.29394846138834474,1.9129063593471182e-10,1.9992764423533733,257.73320515575847,393
-6.800319849488457,72.0180043209375,0.29378315198788585,1.9300121911105912e-10,1.9993094736822765,258.55569766854694,394
-6.813223538175949,72.17255639129556,0.2934651431542953,1.9308145650557993e-10,1.999340831725628,259.3705450560161,395
-6.82832789706004,72.31805117958122,0.295064456594589,1.9379034368105213e-10,1.9993627286927969,260.18232916473863,396
-6.842452975212211,72.4605473767711,0.2959202066338937,1.9453313740379002e-10,1.999385197972144,261.0008535303753,397
-6.854502020845286,72.60578551951777,0.2950585421401847,1.9449683328629207e-10,1.999410197262654,261.81401232879944,398
-6.869012631923737,72.74424125097171,0.29665869353070073,1.9497996449146687e-10,1.9994306202339178,262.6248140132372,399
-6.883857685797579,72.90141251450014,0.29700184426193244,1.956371648740055e-10,1.9994467344131084,263.42015003765187,400
